year,state,district,candidatedem,dem_votes,candidategop,gop_votes,totalvotes,uncontested,dem_share,gop_share,dseat,vote_margin,competition,delegation_size,def_inc,open,vap,turnout,rd_auth
2024,Alabama,1,Tom Holmes,70929,Barry Moore,258619,329548,0,0.215231165,0.784768835,0,0.56953767,0.43046233,7,0,0,574472,0.57365372,4
2024,Alabama,2,Shomari Figures,158041,Caroleene Dobson,131414,289455,0,0.54599506,0.45400494,1,0.091990119,0.908009881,7,0,1,548891,0.527345138,4
2024,Alabama,3,,0.25,Mike Rogers,0.75,1,1,0.25,0.75,0,0.5,0.5,7,0,0,576349,1.73506E-06,4
2024,Alabama,4,,0.25,Robert B. Aderholt,0.75,1,1,0.25,0.75,0,0.5,0.5,7,0,0,557524,1.79364E-06,4
2024,Alabama,5,,0.25,Dale W. Strong,0.75,1,1,0.25,0.75,0,0.5,0.5,7,0,0,591826,1.68969E-06,4
2024,Alabama,6,Elizabeth Anderson,102504,Gary J. Palmer,243741,346245,0,0.296044708,0.703955292,0,0.407910584,0.592089416,7,0,0,559249,0.619124934,4
2024,Alabama,7,Terri A. Sewell,186723,Robin Litaker,106312,293035,0,0.637203747,0.362796253,1,0.274407494,0.725592506,7,0,0,570511,0.513636021,4
2024,Alaska,0,Mary Sattler Peltola,156985,Nick Begich,164861,321846,0,0.487764334,0.512235666,0,0.024471331,0.975528669,1,1,0,559040,0.575711935,0
2024,Arizona,1,Amish Shah,208966,David Schweikert,225538,434504,0,0.48092998,0.51907002,0,0.03814004,0.96185996,9,0,0,662683,0.65567398,2
2024,Arizona,2,Jonathan Nez,184963,Elijah Crane,221413,406376,0,0.455152371,0.544847629,0,0.089695258,0.910304742,9,0,0,665809,0.610349214,2
2024,Arizona,3,Yassamin Ansari,143336,Jeff Zink,53705,197041,0,0.727442512,0.272557488,1,0.454885024,0.545114976,9,0,1,602968,0.326785169,2
2024,Arizona,4,Greg Stanton,176428,Kelly Cooper,152052,328480,0,0.537104238,0.462895762,1,0.074208475,0.925791525,9,0,0,657557,0.499546047,2
2024,Arizona,5,Katrina Schaffner,167680,Andy Biggs,255628,423308,0,0.396118193,0.603881807,0,0.207763614,0.792236386,9,0,0,641105,0.660278737,2
2024,Arizona,6,Kirsten Engel,204774,Juan Ciscomani,215596,420370,0,0.487128006,0.512871994,0,0.025743987,0.974256013,9,0,0,668211,0.629097695,2
2024,Arizona,7,Raúl M. Grijalva,171954,"Daniel Francis Butierez, Sr.",99057,271011,0,0.634490851,0.365509149,1,0.268981702,0.731018298,9,0,0,622442,0.435399603,2
2024,Arizona,8,Gregory Whitten,160344,Abraham “Abe” Hamadeh,208269,368613,0,0.434992797,0.565007203,0,0.130014405,0.869985595,9,0,1,637355,0.578348016,2
2024,Arizona,9,Quacy Smith,132640,Paul A. Gosar,249583,382223,0,0.34702255,0.65297745,0,0.305954901,0.694045099,9,0,0,693135,0.551440917,2
2024,Arkansas,1,Rodney Govens,64113,Eric A. “Rick” Crawford,194711,258824,0,0.247708868,0.752291132,0,0.504582264,0.495417736,4,0,0,580698,0.445711885,6
2024,Arkansas,2,Marcus A. Jones,125777,J. French Hill,180509,306286,0,0.410652136,0.589347864,0,0.178695729,0.821304271,4,0,0,598515,0.511743231,6
2024,Arkansas,3,Caitlin Draper,95652,Steve Womack,192101,287753,0,0.332410088,0.667589912,0,0.335179824,0.664820176,4,0,0,606956,0.474092026,6
2024,Arkansas,4,Risie Howard,73207,Bruce Westerman,197046,270253,0,0.270883209,0.729116791,0,0.458233581,0.541766419,4,0,0,580575,0.465491969,6
2024,California,1,Rose Penelope Yee,110636,Doug LaMalfa,208592,319228,0,0.346573609,0.653426391,0,0.306852782,0.693147218,52,0,0,584775,0.54589885,2
2024,California,2,Jared Huffman,272883,Chris Coulombe,106734,379617,0,0.718837671,0.281162329,1,0.437675341,0.562324659,52,0,0,600886,0.631762098,2
2024,California,3,Jessica Morse,188067,Kevin Kiley,234246,422313,0,0.445326097,0.554673903,0,0.109347806,0.890652194,52,0,0,627875,0.672606809,2
2024,California,4,Mike Thompson,227730,John Munn,114950,342680,0,0.664555854,0.335444146,1,0.329111708,0.670888292,52,0,0,613089,0.558940056,2
2024,California,5,Michael J. “Mike” Barkley,140919,Tom McClintock,227643,368562,0,0.382348153,0.617651847,0,0.235303694,0.764696306,52,0,0,613488,0.600764807,2
2024,California,6,Ami Bera,165408,Christine Bish,121664,287072,0,0.576189945,0.423810055,1,0.152379891,0.847620109,52,0,0,577457,0.497131388,2
2024,California,7,Doris O. Matsui,197429,Tom Silva,98341,295770,0,0.667508537,0.332491463,1,0.335017074,0.664982926,52,0,0,592661,0.499054265,2
2024,California,8,John Garamendi,201962,Rudy Recile,71068,273030,0,0.739706259,0.260293741,1,0.479412519,0.520587481,52,0,0,593831,0.459777277,2
2024,California,9,Josh Harder,130183,Kevin Lincoln,121174,251357,0,0.517920726,0.482079274,1,0.035841453,0.964158547,52,0,0,571848,0.439552119,2
2024,California,10,Mark DeSaulnier,242325,Katherine Piccinini,122219,364544,0,0.664734573,0.335265427,1,0.329469145,0.670530855,52,0,0,581330,0.627086164,2
2024,California,11,Nancy Pelosi,274796,Bruce Lou,64315,339111,0,0.810342336,0.189657664,1,0.620684673,0.379315327,52,0,0,612088,0.554023278,2
2024,California,12,Lateefah Simon,0.75,,0.25,1,1,0.75,0.25,1,0.5,0.5,52,0,1,609799,1.63988E-06,2
2024,California,13,Adam Gray,105554,John S. Duarte,105367,210921,0,0.500443294,0.499556706,1,0.000886588,0.999113412,52,1,0,559815,0.376769111,2
2024,California,14,Eric Swalwell,187263,Vin Kruttiventi,89125,276388,0,0.677536651,0.322463349,1,0.355073303,0.644926697,52,0,0,567280,0.48721619,2
2024,California,15,Kevin Mullin,211648,Anna Cheng Kramer,77896,289544,0,0.730970077,0.269029923,1,0.461940154,0.538059846,52,0,0,585872,0.494210339,2
2024,California,16,Sam Liccardo,0.75,,0.25,1,1,0.75,0.25,1,0.5,0.5,52,0,1,585514,1.7079E-06,2
2024,California,17,Ro Khanna,172462,Anita Chen,82415,254877,0,0.676647952,0.323352048,1,0.353295904,0.646704096,52,0,0,609733,0.418014114,2
2024,California,18,Zoe Lofgren,147674,Peter D. Hernandez,80832,228506,0,0.646258742,0.353741258,1,0.292517483,0.707482517,52,0,0,559362,0.40851184,2
2024,California,19,Jimmy Panetta,252458,Jason Michael Anderson,111862,364320,0,0.692956741,0.307043259,1,0.385913483,0.614086517,52,0,0,592748,0.614628814,2
2024,California,20,,,Vince Fong,1,1,1,0,1,0,1,0,52,0,0,581765,0.322917329,2
2024,California,21,Jim Costa,102798,Michael Maher,92733,195531,0,0.525737607,0.474262393,1,0.051475214,0.948524786,52,0,0,535380,0.365219097,2
2024,California,22,Rudy Salas,78023,David G. Valadao,89484,167507,0,0.465789489,0.534210511,0,0.068421021,0.931578979,52,0,0,542121,0.308984526,2
2024,California,23,Derek Marshall,105563,Jay Obernolte,159286,264849,0,0.398578058,0.601421942,0,0.202843885,0.797156115,52,0,0,576328,0.459545606,2
2024,California,24,Salud O. Carbajal,214724,Thomas Cole,127755,342479,0,0.626969829,0.373030171,1,0.253939658,0.746060342,52,0,0,611221,0.560319426,2
2024,California,25,Raul Ruiz,137837,Ian M. Weeks,107194,245031,0,0.562528823,0.437471177,1,0.125057646,0.874942354,52,0,0,584126,0.419483125,2
2024,California,26,Julia Brownley,187393,Michael Koslow,146913,334306,0,0.560543335,0.439456665,1,0.121086669,0.878913331,52,0,0,575327,0.581071286,2
2024,California,27,George Whitesides,154040,Mike Garcia,146050,300090,0,0.513312673,0.486687327,1,0.026625346,0.973374654,52,1,0,552295,0.543350927,2
2024,California,28,Judy Chu,204489,April A. Verlato,110455,314944,0,0.649286857,0.350713143,1,0.298573715,0.701426285,52,0,0,604014,0.521418378,2
2024,California,29,Luz Maria Rivas,146312,Benito Benny Bernal,63374,209686,0,0.697767138,0.302232862,1,0.395534275,0.604465725,52,0,1,564600,0.371388594,2
2024,California,30,Laura Friedman,213100,Alex Balekian,98559,311659,0,0.683760135,0.316239865,1,0.367520271,0.632479729,52,0,1,638537,0.488082915,2
2024,California,31,Gil Cisneros,148095,Daniel Jose Bocic Martinez,99856,247951,0,0.597275268,0.402724732,1,0.194550536,0.805449464,52,0,1,564524,0.439221362,2
2024,California,32,Brad Sherman,212934,Larry Thompson,108711,321645,0,0.662015576,0.337984424,1,0.324031152,0.675968848,52,0,0,620200,0.518614963,2
2024,California,33,Pete Aguilar,137197,Tom Herman,96078,233275,0,0.588134176,0.411865824,1,0.176268353,0.823731647,52,0,0,556822,0.418939984,2
2024,California,34,Jimmy Gomez,0.75,,0.25,1,1,0.75,0.25,1,0.5,0.5,52,0,0,582665,1.71625E-06,2
2024,California,35,Norma J. Torres,136413,Mike Cargile,97142,233555,0,0.584072274,0.415927726,1,0.168144548,0.831855452,52,0,0,570461,0.409414491,2
2024,California,36,Ted Lieu,246002,Melissa Toomim,111985,357987,0,0.687181378,0.312818622,1,0.374362756,0.625637244,52,0,0,614657,0.582417511,2
2024,California,37,Sydney Kamlager-Dove,0.75,,0.25,1,1,0.75,0.25,1,0.5,0.5,52,0,0,584668,1.71037E-06,2
2024,California,38,Linda T. Sánchez,165110,Eric J. Ching,110818,275928,0,0.598380737,0.401619263,1,0.196761474,0.803238526,52,0,0,570070,0.484024769,2
2024,California,39,Mark Takano,130191,David Serpa,99469,229660,0,0.566885831,0.433114169,1,0.133771662,0.866228338,52,0,0,578090,0.397273781,2
2024,California,40,Joe Kerr,171637,Young Kim,211998,383635,0,0.447396614,0.552603386,0,0.105206772,0.894793228,52,0,0,596722,0.642904066,2
2024,California,41,Will Rollins,171229,Ken Calvert,183216,354445,0,0.483090465,0.516909535,0,0.033819069,0.966180931,52,0,0,633508,0.559495697,2
2024,California,42,Robert Garcia,159153,John Briscoe,74410,233563,0,0.68141358,0.31858642,1,0.36282716,0.63717284,52,0,0,567234,0.411757758,2
2024,California,43,Maxine Waters,160080,Steve Williams,53152,213232,0,0.750731598,0.249268402,1,0.501463195,0.498536805,52,0,0,556355,0.38326608,2
2024,California,44,Nanette Diaz Barragán,164765,Roger Groh,66087,230852,0,0.713725677,0.286274323,1,0.427451354,0.572548646,52,0,0,574259,0.401999795,2
2024,California,45,Derek Tran,158264,Michelle Steel,157611,315875,0,0.501033637,0.498966363,1,0.002067273,0.997932727,52,1,0,581807,0.542920591,2
2024,California,46,J. Luis Correa,134013,David Pan,77279,211292,0,0.634254965,0.365745035,1,0.268509929,0.731490071,52,0,0,588642,0.358948223,2
2024,California,47,Dave Min,181721,Scott Baugh,171554,353275,0,0.51438964,0.48561036,1,0.02877928,0.97122072,52,0,1,604902,0.584020221,2
2024,California,48,Stephen Houlahan,146665,Darrell Issa,213625,360290,0,0.407074856,0.592925144,0,0.185850287,0.814149713,52,0,0,567529,0.634839806,2
2024,California,49,Mike Levin,197397,Matt Gunderson,180950,378347,0,0.521735338,0.478264662,1,0.043470676,0.956529324,52,0,0,597956,0.632733847,2
2024,California,50,Scott H. Peters,231836,Peter J. Bono,128859,360695,0,0.642748028,0.357251972,1,0.285496056,0.714503944,52,0,0,648383,0.556299286,2
2024,California,51,Sara Jacobs,198835,Bill Wells,128749,327584,0,0.606974089,0.393025911,1,0.213948178,0.786051822,52,0,0,598487,0.547353577,2
2024,California,52,Juan Vargas,172217,Justin Lee,87501,259718,0,0.663092277,0.336907723,1,0.326184554,0.673815446,52,0,0,564758,0.459874849,2
2024,Colorado,1,Diana DeGette,264606,Valdamar Archuleta,74598,339204,0,0.780079244,0.219920756,1,0.560158489,0.439841511,8,0,0,595004,0.570086924,2
2024,Colorado,2,Joe Neguse,284994,Marshall Dawson,120633,405627,0,0.702601158,0.297398842,1,0.405202316,0.594797684,8,0,0,597137,0.679286328,2
2024,Colorado,3,Adam Frisch,182147,Jeff Hurd,201951,384098,0,0.474220121,0.525779879,0,0.051559758,0.948440242,8,0,1,586730,0.654641828,2
2024,Colorado,4,Trisha Calvarese,188249,Lauren Boebert,240213,428462,0,0.43935985,0.56064015,0,0.1212803,0.8787197,8,0,0,593569,0.721840258,2
2024,Colorado,5,River Gassen,147972,Jeff Crank,197924,345896,0,0.427793325,0.572206675,0,0.14441335,0.85558665,8,0,1,568598,0.608331369,2
2024,Colorado,6,Jason Crow,202686,John E. Fabbricatore,132174,334860,0,0.605285791,0.394714209,1,0.210571582,0.789428418,8,0,0,564329,0.593377268,2
2024,Colorado,7,Brittany Pettersen,235688,Sergei Matveyuk,175273,410961,0,0.573504542,0.426495458,1,0.147009084,0.852990916,8,0,0,599945,0.684997791,2
2024,Colorado,8,Yadira Caraveo,160871,Gabe Evans,163320,324191,0,0.496222906,0.503777094,0,0.007554189,0.992445811,8,1,0,561618,0.577244675,2
2024,Connecticut,1,John B. Larson,208649,Jim Griffin,115065,323714,0,0.644547347,0.355452653,1,0.289094695,0.710905305,5,0,0,575421,0.562568971,4
2024,Connecticut,2,Joe Courtney,218162,Mike France,157878,376040,0,0.580156366,0.419843634,1,0.160312733,0.839687267,5,0,0,595935,0.631008415,4
2024,Connecticut,3,Rosa L. DeLauro,193684,Michael Massey,135113,328797,0,0.589068635,0.410931365,1,0.17813727,0.82186273,5,0,0,588910,0.558314513,4
2024,Connecticut,4,James A. Himes,200791,Michael Goldstein,122793,323584,0,0.620522028,0.379477972,1,0.241044057,0.758955943,5,0,0,563057,0.574691372,4
2024,Connecticut,5,Jahana Hayes,180268,George Logan,157258,337526,0,0.534086263,0.465913737,1,0.068172526,0.931827474,5,0,0,571229,0.590876864,4
2024,Delaware,0,Sarah McBride,287830,John J. Whalen III,209606,497436,0,0.5786272,0.4213728,1,0.157254401,0.842745599,1,0,1,819965,0.606655162,0
2024,Florida,1,Gay Valimont,140980,Matt Gaetz,274108,415088,0,0.339638824,0.660361176,0,0.320722353,0.679277647,28,0,0,630748,0.658088492,6
2024,Florida,2,Yen Bailey,154323,Neal P. Dunn,247957,402280,0,0.383620861,0.616379139,0,0.232758278,0.767241722,28,0,0,643286,0.62535171,6
2024,Florida,3,Tom Wells,150283,Kat Cammack,241174,391457,0,0.383906789,0.616093211,0,0.232186421,0.767813579,28,0,0,657384,0.595476921,6
2024,Florida,4,LaShonda “L. J.” Holloway,165912,Aaron Bean,222364,388276,0,0.427304289,0.572695711,0,0.145391423,0.854608577,28,0,0,627776,0.618494495,6
2024,Florida,5,Jay McGovern,156570,John H. Rutherford,267471,424041,0,0.369233164,0.630766836,0,0.261533672,0.738466328,28,0,0,655180,0.64721298,6
2024,Florida,6,James David Stockton III,143050,Michael Waltz,284414,427464,0,0.334648064,0.665351936,0,0.330703872,0.669296128,28,0,0,675737,0.632589306,6
2024,Florida,7,Jennifer Adams,179917,Cory Mills,233937,413854,0,0.434735438,0.565264562,0,0.130529124,0.869470876,28,0,0,643811,0.642819088,6
2024,Florida,8,Sandy Kennedy,170096,Mike Haridopolos,280352,450448,0,0.377615174,0.622384826,0,0.244769652,0.755230348,28,0,1,674833,0.667495514,6
2024,Florida,9,Darren Soto,178785,Thomas Chalifoux,138076,316861,0,0.564237947,0.435762053,1,0.128475893,0.871524107,28,0,0,654547,0.484092051,6
2024,Florida,10,Maxwell Frost,181455,Willie J. Montague,109460,290915,0,0.623738893,0.376261107,1,0.247477786,0.752522214,28,0,0,627403,0.463681238,6
2024,Florida,11,Barbie Harden Hall,176726,Daniel Webster,269277,446003,0,0.396243971,0.603756029,0,0.207512057,0.792487943,28,0,0,683309,0.65271056,6
2024,Florida,12,"Rock Aboujaoude, Jr",124949,Gus M. Bilirakis,306487,431436,0,0.289611901,0.710388099,0,0.420776199,0.579223801,28,0,0,690714,0.624623216,6
2024,Florida,13,Whitney Fox,185930,Anna Paulina Luna,225636,411566,0,0.451762293,0.548237707,0,0.096475413,0.903524587,28,0,0,655800,0.62757853,6
2024,Florida,14,Kathy Castor,199423,Robert “Rocky” Rochford,145643,345066,0,0.577927121,0.422072879,1,0.155854242,0.844145758,28,0,0,640499,0.538745572,6
2024,Florida,15,Patricia “Pat” Kemp,152361,Laurel M. Lee,195334,347695,0,0.438203023,0.561796977,0,0.123593954,0.876406046,28,0,0,634923,0.547617585,6
2024,Florida,16,Jan Schneider,168625,Vern Buchanan,247516,416141,0,0.405211214,0.594788786,0,0.189577571,0.810422429,28,0,0,678054,0.613728405,6
2024,Florida,17,Manny Lopez,164566,W. Gregory Steube,291347,455913,0,0.360959218,0.639040782,0,0.278081564,0.721918436,28,0,0,722924,0.630651355,6
2024,Florida,18,Andrea Doria Kale,119637,Scott Franklin,225170,344807,0,0.346968014,0.653031986,0,0.306063972,0.693936028,28,0,0,674742,0.511020509,6
2024,Florida,19,Kari L. Lerner,140038,Byron Donalds,275708,415746,0,0.336835472,0.663164528,0,0.326329057,0.673670943,28,0,0,692217,0.600600679,6
2024,Florida,20,Sheila Cherfilus-McCormick,0.75,,0.25,1,1,0.75,0.25,1,0.5,0.5,28,0,0,629513,1.58853E-06,6
2024,Florida,21,Thomas Witkop,171312,Brian J. Mast,277435,448747,0,0.381756313,0.618243687,0,0.236487375,0.763512625,28,0,0,672816,0.666968384,6
2024,Florida,22,Lois Frankel,201608,Dan Franzese,165248,366856,0,0.549556229,0.450443771,1,0.099112458,0.900887542,28,0,0,631401,0.581019035,6
2024,Florida,23,Jared Moskowitz,196311,Joseph “Joe” Kaufman,178006,374317,0,0.5244512,0.4755488,1,0.048902401,0.951097599,28,0,0,633024,0.591315653,6
2024,Florida,24,Frederica S. Wilson,194874,Jesus Gabriel Navarro,90692,285566,0,0.682413172,0.317586828,1,0.364826345,0.635173655,28,0,0,596027,0.479115879,6
2024,Florida,25,Debbie Wasserman Schultz,186942,Chris Eddy,156208,343150,0,0.544782165,0.455217835,1,0.08956433,0.91043567,28,0,0,619982,0.553483811,6
2024,Florida,26,Joey Atkins,89072,Mario Diaz-Balart,217199,306271,0,0.290827404,0.709172596,0,0.418345191,0.581654809,28,0,0,661870,0.462735885,6
2024,Florida,27,Lucia Baez-Geller,130708,Maria Elvira Salazar,199159,329867,0,0.396244547,0.603755453,0,0.207510906,0.792489094,28,0,0,613821,0.53739934,6
2024,Florida,28,Phil Ehr,115280,Carlos A. Gimenez,210057,325337,0,0.354340269,0.645659731,0,0.291319463,0.708680537,28,0,0,609369,0.533891616,6
2024,Georgia,1,Patti Hewitt,135281,Earl L. “Buddy” Carter,220576,355857,0,0.380155512,0.619844488,0,0.239688976,0.760311024,14,0,0,615920,0.577764969,6
2024,Georgia,2,"Sanford D. Bishop, Jr.",176028,A. Wayne Johnson,136473,312501,0,0.563287797,0.436712203,1,0.126575595,0.873424405,14,0,0,580413,0.538411442,6
2024,Georgia,3,Maura Keller,138749,Brian Jack,273036,411785,0,0.336945251,0.663054749,0,0.326109499,0.673890501,14,0,1,612724,0.67205626,6
2024,Georgia,4,"Henry C. “Hank” Johnson, Jr.",229290,Eugene Yu,74071,303361,0,0.75583216,0.24416784,1,0.511664321,0.488335679,14,0,0,588477,0.51550188,6
2024,Georgia,5,Nikema Williams,294470,John “Bongo” Salvesen,49221,343691,0,0.856787056,0.143212944,1,0.713574112,0.286425888,14,0,0,609110,0.56425112,6
2024,Georgia,6,Lucy McBath,277027,Jeff Criswell,93909,370936,0,0.746832338,0.253167662,1,0.493664675,0.506335325,14,0,0,605475,0.61263636,6
2024,Georgia,7,Bob Christian,149535,Richard McCormick,275907,425442,0,0.351481518,0.648518482,0,0.297036964,0.702963036,14,0,0,621504,0.684536222,6
2024,Georgia,8,Darrius Butler,104434,Austin Scott,231547,335981,0,0.310833053,0.689166947,0,0.378333894,0.621666106,14,0,0,593590,0.566015263,6
2024,Georgia,9,Tambrei Cash,121754,Andrew S. Clyde,271062,392816,0,0.309951733,0.690048267,0,0.380096534,0.619903466,14,0,0,620517,0.633046315,6
2024,Georgia,10,Alexandra “Lexy” Doherty,150274,Mike Collins,256442,406716,0,0.369481407,0.630518593,0,0.261037186,0.738962814,14,0,0,638060,0.637425947,6
2024,Georgia,11,Katy “Kate” L. Stamper,131064,Barry Loudermilk,269849,400913,0,0.326913819,0.673086181,0,0.346172362,0.653827638,14,0,0,612065,0.655017033,6
2024,Georgia,12,Elizabeth “Liz” Johnson,135417,Rick W. Allen,205849,341266,0,0.396807769,0.603192231,0,0.206384463,0.793615537,14,0,0,601406,0.567446949,6
2024,Georgia,13,David Scott,256902,Jonathan Chavez,100730,357632,0,0.718341759,0.281658241,1,0.436683518,0.563316482,14,0,0,588800,0.607391304,6
2024,Georgia,14,Shawn Harris,134759,Marjorie Taylor Greene,243446,378205,0,0.356312053,0.643687947,0,0.287375894,0.712624106,14,0,0,606818,0.623259363,6
2024,Hawaii,1,Ed Case,164237,Patrick C. Largey,64373,228610,0,0.718415642,0.281584358,1,0.436831285,0.563168715,2,0,0,580699,0.393680719,3
2024,Hawaii,2,Jill N. Tokuda,166251,Steve Bond,75471,241722,0,0.687777695,0.312222305,1,0.37555539,0.62444461,2,0,0,560552,0.431221368,3
2024,Idaho,1,Kaylee Peterson,118656,Russ Fulcher,331049,449705,0,0.26385297,0.73614703,0,0.472294059,0.527705941,2,0,0,769818,0.584170544,3
2024,Idaho,2,David Roth,126229,Michael K. Simpson,250119,376348,0,0.335404998,0.664595002,0,0.329190005,0.670809995,2,0,0,728517,0.516594671,3
2024,Illinois,1,Jonathan L. Jackson,208398,Marcus Lewis,108064,316462,0,0.658524562,0.341475438,1,0.317049124,0.682950876,17,0,0,576163,0.549257762,5
2024,Illinois,2,Robin L. Kelly,195777,Ashley Ramos,94004,289781,0,0.6756033,0.3243967,1,0.351206601,0.648793399,17,0,0,547683,0.529103514,5
2024,Illinois,3,Delia C. Ramirez,174825,John Booras,84987,259812,0,0.672890398,0.327109602,1,0.345780795,0.654219205,17,0,0,567184,0.45807357,5
2024,Illinois,4,Jesús G. “Chuy” García,139343,Lupe Castillo,56323,195666,0,0.71214723,0.28785277,1,0.424294461,0.575705539,17,0,0,547680,0.357263365,5
2024,Illinois,5,Mike Quigley,251025,Tommy Hanson,112931,363956,0,0.689712493,0.310287507,1,0.379424985,0.620575015,17,0,0,609509,0.597129821,5
2024,Illinois,6,Sean Casten,196647,Niki Conforti,166116,362763,0,0.542081194,0.457918806,1,0.084162387,0.915837613,17,0,0,574540,0.631397292,5
2024,Illinois,7,Danny K. Davis,222408,Chad Koppie,44598,267006,0,0.832970046,0.167029954,1,0.665940091,0.334059909,17,0,0,604815,0.441467226,5
2024,Illinois,8,Raja Krishnamoorthi,172920,Mark Rice,130153,303073,0,0.570555609,0.429444391,1,0.141111217,0.858888783,17,0,0,571310,0.530487826,5
2024,Illinois,9,Janice D. Schakowsky,231722,Seth Alan Cohen,107106,338828,0,0.683892713,0.316107287,1,0.367785425,0.632214575,17,0,0,598691,0.565948043,5
2024,Illinois,10,Bradley Scott Schneider,196358,Jim Carris,131025,327383,0,0.599780685,0.400219315,1,0.19956137,0.80043863,17,0,0,571999,0.572348903,5
2024,Illinois,11,Bill Foster,199825,Jerry Evans,159630,359455,0,0.555911032,0.444088968,1,0.111822064,0.888177936,17,0,0,584408,0.615075427,5
2024,Illinois,12,Brian Roberts,94875,Mike Bost,272754,367629,0,0.258072677,0.741927323,0,0.483854647,0.516145353,17,0,0,588972,0.624187567,5
2024,Illinois,13,Nikki Budzinski,191339,Joshua Loyd,137917,329256,0,0.581125325,0.418874675,1,0.16225065,0.83774935,17,0,0,582933,0.564826489,5
2024,Illinois,14,Lauren Underwood,183446,James T. “Jim” Marter,149464,332910,0,0.551037818,0.448962182,1,0.102075636,0.897924364,17,0,0,579945,0.574037193,5
2024,Illinois,15,,0.25,Mary E. Miller,0.75,1,1,0.25,0.75,0,0.5,0.5,17,0,0,584241,1.71162E-06,5
2024,Illinois,16,,0.25,Darin LaHood,0.75,1,1,0.25,0.75,0,0.5,0.5,17,0,0,583833,1.71282E-06,5
2024,Illinois,17,Eric Sorensen,170261,Joe McGraw,142567,312828,0,0.544263941,0.455736059,1,0.088527881,0.911472119,17,0,0,574156,0.544848438,5
2024,Indiana,1,Frank J. Mrvan,172467,Randy Niemeyer,145056,317523,0,0.543163802,0.456836198,1,0.086327605,0.913672395,9,0,0,587889,0.540107061,6
2024,Indiana,2,Lori A. Camp,101962,Rudy Yakym III,184848,286810,0,0.355503644,0.644496356,0,0.288992713,0.711007287,9,0,0,570340,0.502875478,6
2024,Indiana,3,Kiley M. Adolph,97871,Marlin A. Stutzman,202653,300524,0,0.325667834,0.674332166,0,0.348664333,0.651335667,9,0,1,574175,0.523401402,6
2024,Indiana,4,Derrick Holder,100091,James R. Baird,209794,309885,0,0.322994014,0.677005986,0,0.354011972,0.645988028,9,0,0,601057,0.515566743,6
2024,Indiana,5,Deborah A. Pickett,136554,Victoria Spartz,203293,339847,0,0.401810226,0.598189774,0,0.196379547,0.803620453,9,0,0,603458,0.563165954,6
2024,Indiana,6,Cynthia “Cinde” Wirth,99841,Jefferson Shreve,201357,301198,0,0.331479625,0.668520375,0,0.337040751,0.662959249,9,0,1,574642,0.524148948,6
2024,Indiana,7,André Carson,185987,John P. Schmitz,78792,264779,0,0.702423531,0.297576469,1,0.404847061,0.595152939,9,0,0,573174,0.461952217,6
2024,Indiana,8,Erik Hurt,95311,Mark Messmer,219941,315252,0,0.302332737,0.697667263,0,0.395334526,0.604665474,9,0,1,593320,0.531335536,6
2024,Indiana,9,Timothy “Tim” Peck,113400,Erin Houchin,222884,336284,0,0.337214973,0.662785027,0,0.325570054,0.674429946,9,0,0,603238,0.557464881,6
2024,Iowa,1,Christina Bohannan,206156,Mariannette Miller-Meeks,206955,413111,0,0.499032948,0.500967052,0,0.001934105,0.998065895,4,0,0,625061,0.660913095,6
2024,Iowa,2,Sarah Corkery,169740,Ashley Hinson,233340,403080,0,0.421107472,0.578892528,0,0.157785055,0.842214945,4,0,0,616884,0.653412959,6
2024,Iowa,3,Lanon Baccam,197962,Zachary Nunn,213746,411708,0,0.480831074,0.519168926,0,0.038337851,0.961662149,4,0,0,623178,0.660658752,6
2024,Iowa,4,Ryan Melton,122175,Randy Feenstra,250522,372697,0,0.32781321,0.67218679,0,0.34437358,0.65562642,4,0,0,616334,0.604699725,6
2024,Kansas,1,Paul Buskirk,93965,Tracey Mann,210493,304458,0,0.308630419,0.691369581,0,0.382739163,0.617260837,4,0,0,567557,0.536435988,7
2024,Kansas,2,Nancy Boyda,115685,Derek Schmidt,172847,288532,0,0.400943396,0.599056604,0,0.198113208,0.801886792,4,0,1,554888,0.519982411,7
2024,Kansas,3,Sharice Davids,209871,Prasanth Reddy,167570,377441,0,0.556036573,0.443963427,1,0.112073145,0.887926855,4,0,0,572421,0.659376578,7
2024,Kansas,4,Esau Freeman,106632,Ron Estes,198465,305097,0,0.349501962,0.650498038,0,0.300996077,0.699003923,4,0,0,558917,0.545871748,7
2024,Kentucky,1,Erin Marshall,85524,James Comer,252729,338253,0,0.25284033,0.74715967,0,0.494319341,0.505680659,6,0,0,584714,0.578493075,7
2024,Kentucky,2,Hank Linderman,93029,Brett Guthrie,252826,345855,0,0.268982666,0.731017334,0,0.462034668,0.537965332,6,0,0,598897,0.577486613,7
2024,Kentucky,3,Morgan McGarvey,203100,Mike Craven,124713,327813,0,0.619560542,0.380439458,1,0.239121084,0.760878916,6,0,0,571276,0.573825962,7
2024,Kentucky,4,,0.25,Thomas Massie,0.75,1,1,0.25,0.75,0,0.5,0.5,6,0,0,588804,1.69836E-06,7
2024,Kentucky,5,,0.25,Harold Rogers,0.75,1,1,0.25,0.75,0,0.5,0.5,6,0,0,576302,1.7352E-06,7
2024,Kentucky,6,Randy Cravens,130345,Andy Barr,222293,352638,0,0.369628344,0.630371656,0,0.260743312,0.739256688,6,0,0,594424,0.593243207,7
2024,Louisiana,1,Mel Manuel,85911,Steve Scalise,238842,324753,0,0.264542591,0.735457409,0,0.470914818,0.529085182,6,0,0,600918,0.540428145,6
2024,Louisiana,2,Troy A. Carter,184009,Christy Lynch,41641,225650,0,0.815461999,0.184538001,1,0.630923997,0.369076003,6,0,0,584279,0.386202482,6
2024,Louisiana,3,Priscilla Gonzalez,59834,Clay Higgins,226279,286113,0,0.209127163,0.790872837,0,0.581745674,0.418254326,6,0,0,581850,0.491729827,6
2024,Louisiana,4,,0.25,Mike Johnson,0.75,1,1,0.25,0.75,0,0.5,0.5,6,0,0,585924,1.70671E-06,6
2024,Louisiana,5,"Michael Vallien, Jr.",82981,Julia Letlow,201037,284018,0,0.292168102,0.707831898,0,0.415663796,0.584336204,6,0,0,591938,0.479810386,6
2024,Louisiana,6,Cleo Fields,150323,Elbert Guillory,111737,262060,0,0.573620545,0.426379455,1,0.14724109,0.85275891,6,0,1,565404,0.463491592,6
2024,Maine,1,Chellie Pingree,249798,Ronald C. Russell,154849,404647,0,0.617323247,0.382676753,1,0.234646494,0.765353506,2,0,0,578943,0.698941001,5
2024,Maine,2,Jared F. Golden,197151,Austin Theriault,194445,391596,0,0.503455091,0.496544909,1,0.006910183,0.993089817,2,0,0,571001,0.685806154,5
2024,Maryland,1,Blane H. Miller III,154985,Andy Harris,246356,401341,0,0.386167872,0.613832128,0,0.227664256,0.772335744,8,0,0,618524,0.64886892,7
2024,Maryland,2,"John “Johnny O” Olszewski, Jr.",223797,Kim Klacik,152079,375876,0,0.595401143,0.404598857,1,0.190802286,0.809197714,8,0,1,603972,0.622340108,7
2024,Maryland,3,Sarah Elfreth,236681,Robert J. Steinberger,151186,387867,0,0.610211748,0.389788252,1,0.220423496,0.779576504,8,0,1,602230,0.644051276,7
2024,Maryland,4,Glenn Ivey,239596,George McDermott,30454,270050,0,0.887228291,0.112771709,1,0.774456582,0.225543418,8,0,0,567616,0.475761783,7
2024,Maryland,5,Steny H. Hoyer,283619,Michelle Talkington,133985,417604,0,0.679157767,0.320842233,1,0.358315533,0.641684467,8,0,0,623721,0.66953654,7
2024,Maryland,6,April McClain Delaney,199788,Neil C. Parrott,175974,375762,0,0.531687611,0.468312389,1,0.063375222,0.936624778,8,0,1,622940,0.603207371,7
2024,Maryland,7,Kweisi Mfume,232849,Scott M. Collier,49799,282648,0,0.823812657,0.176187343,1,0.647625315,0.352374685,8,0,0,585497,0.482748844,7
2024,Maryland,8,Jamie Raskin,292101,Cheryl Riley,77821,369922,0,0.789628624,0.210371376,1,0.579257249,0.420742751,8,0,0,596832,0.61980926,7
2024,Massachusetts,1,Richard E. Neal,0.75,,0.25,1,1,0.75,0.25,1,0.5,0.5,9,0,0,623103,1.60487E-06,7
2024,Massachusetts,2,James P. McGovern,0.75,,0.25,1,1,0.75,0.25,1,0.5,0.5,9,0,0,642528,1.55635E-06,7
2024,Massachusetts,3,Lori Trahan,0.75,,0.25,1,1,0.75,0.25,1,0.5,0.5,9,0,0,606305,1.64933E-06,7
2024,Massachusetts,4,Jake Auchincloss,0.75,,0.25,1,1,0.75,0.25,1,0.5,0.5,9,0,0,616560,1.6219E-06,7
2024,Massachusetts,5,Katherine M. Clark,0.75,,0.25,1,1,0.75,0.25,1,0.5,0.5,9,0,0,621980,1.60777E-06,7
2024,Massachusetts,6,Seth Moulton,0.75,,0.25,1,1,0.75,0.25,1,0.5,0.5,9,0,0,626330,1.5966E-06,7
2024,Massachusetts,7,Ayanna Pressley,0.75,,0.25,1,1,0.75,0.25,1,0.5,0.5,9,0,0,626489,1.5962E-06,7
2024,Massachusetts,8,Stephen F. Lynch,265432,Robert G. Burke,110638,376070,0,0.70580477,0.29419523,1,0.411609541,0.588390459,9,0,0,655064,0.574096577,7
2024,Massachusetts,9,William R. Keating,251931,Dan Sullivan,193822,445753,0,0.565180717,0.434819283,1,0.130361433,0.869638567,9,0,0,641601,0.694751099,7
2024,Michigan,1,Callie Barr,180937,Jack Bergman,282264,463201,0,0.390623077,0.609376923,0,0.218753846,0.781246154,13,0,0,648980,0.713736941,2
2024,Michigan,2,Michael Lynch,135824,John R. Moolenaar,279167,414991,0,0.327293845,0.672706155,0,0.34541231,0.65458769,13,0,0,622958,0.666162085,2
2024,Michigan,3,Hillary J. Scholten,225510,Paul Hudson,183952,409462,0,0.550747078,0.449252922,1,0.101494156,0.898505844,13,0,0,600197,0.682212674,2
2024,Michigan,4,Jessica Swartz,184641,Bill Huizenga,234489,419130,0,0.440533963,0.559466037,0,0.118932074,0.881067926,13,0,0,604037,0.693881335,2
2024,Michigan,5,Libbi Urban,134282,Tim Walberg,269215,403497,0,0.332795535,0.667204465,0,0.33440893,0.66559107,13,0,0,609990,0.661481336,2
2024,Michigan,6,Debbie Dingell,281162,Heather Smiley,158658,439820,0,0.639266063,0.360733937,1,0.278532127,0.721467873,13,0,0,613744,0.716618004,2
2024,Michigan,7,Curtis Hertel,209959,Tom Barrett,226722,436681,0,0.480806355,0.519193645,0,0.03838729,0.96161271,13,0,1,623893,0.699929315,2
2024,Michigan,8,Kristen McDonald Rivet,217490,Paul Junge,189317,406807,0,0.534626985,0.465373015,1,0.069253971,0.930746029,13,0,0,603550,0.674023693,2
2024,Michigan,9,Clinton St. Mosley,138138,Lisa C. McClain,312593,450731,0,0.306475481,0.693524519,0,0.387049038,0.612950962,13,0,0,609777,0.739173501,2
2024,Michigan,10,Carl J. Marlinga,191363,John James,217437,408800,0,0.4681091,0.5318909,0,0.0637818,0.9362182,13,0,0,614877,0.664848417,2
2024,Michigan,11,Haley M. Stevens,260780,Nick Somberg,177432,438212,0,0.595100089,0.404899911,1,0.190200177,0.809799823,13,0,0,619724,0.707108326,2
2024,Michigan,12,Rashida Tlaib,253354,James D. Hooper,92490,345844,0,0.732567285,0.267432715,1,0.465134569,0.534865431,13,0,0,576175,0.600241246,2
2024,Michigan,13,Shri Thanedar,220788,Martell D. Bivings,78917,299705,0,0.736684406,0.263315594,1,0.473368813,0.526631187,13,0,0,578888,0.517725363,2
2024,Minnesota,1,Rachel Bohman,156375,Brad Finstad,220929,377304,0,0.414453597,0.585546403,0,0.171092806,0.828907194,8,0,0,555271,0.679495237,4
2024,Minnesota,2,Angie Craig,231751,Joe Teirab,175621,407372,0,0.568892806,0.431107194,1,0.137785611,0.862214389,8,0,0,556761,0.731681996,4
2024,Minnesota,3,Kelly Morrison,240209,Tad Jude,170427,410636,0,0.584968196,0.415031804,1,0.169936391,0.830063609,8,0,1,537130,0.764500214,4
2024,Minnesota,4,Betty McCollum,242802,May Lor Xiong,117618,360420,0,0.673664059,0.326335941,1,0.347328117,0.652671883,8,0,0,539350,0.668248818,4
2024,Minnesota,5,Ilhan Omar,261066,Dalia Al-Aqidi,86213,347279,0,0.751747154,0.248252846,1,0.503494309,0.496505691,8,0,0,565283,0.614345381,4
2024,Minnesota,6,Jeanne Hendricks,155836,Tom Emmer,260095,415931,0,0.374667914,0.625332086,0,0.250664173,0.749335827,8,0,0,557843,0.745605843,4
2024,Minnesota,7,A J “John” Peters,114979,Michelle Fischbach,275098,390077,0,0.294759753,0.705240247,0,0.410480495,0.589519505,8,0,0,551447,0.707369883,4
2024,Minnesota,8,Jen Schultz,176724,Pete Stauber,244498,421222,0,0.419550736,0.580449264,0,0.160898529,0.839101471,8,0,0,579855,0.726426434,4
2024,Mississippi,1,Dianne Dodson Black,96697,Trent Kelly,223589,320286,0,0.301908294,0.698091706,0,0.396183411,0.603816589,4,0,0,573485,0.558490632,6
2024,Mississippi,2,Bennie G. Thompson,177885,Ron Eller,108956,286841,0,0.620151931,0.379848069,1,0.240303862,0.759696138,4,0,0,540018,0.531169331,6
2024,Mississippi,3,,0.25,Michael Guest,0.75,1,1,0.25,0.75,0,0.5,0.5,4,0,0,569369,1.75633E-06,6
2024,Mississippi,4,Craig Elliot Raybon,75771,Mike Ezell,215095,290866,0,0.260501399,0.739498601,0,0.478997201,0.521002799,4,0,0,581584,0.500127239,6
2024,Missouri,1,Wesley Bell,233312,Andrew Jones,56453,289765,0,0.805176609,0.194823391,1,0.610353217,0.389646783,8,0,1,588453,0.492418256,6
2024,Missouri,2,Ray Hartmann,182056,Ann Wagner,233444,415500,0,0.438161252,0.561838748,0,0.123677497,0.876322503,8,0,0,596955,0.696032364,6
2024,Missouri,3,Bethany E. Mann,138532,Bob Onder,240620,379152,0,0.365373254,0.634626746,0,0.269253492,0.730746508,8,0,1,619448,0.612080433,6
2024,Missouri,4,Jeanette Cass,96568,Mark Alford,259886,356454,0,0.270912937,0.729087063,0,0.458174126,0.541825874,8,0,0,607064,0.58717697,6
2024,Missouri,5,Emanuel Cleaver,199900,Sean E. Smith,120957,320857,0,0.623018977,0.376981023,1,0.246037955,0.753962045,8,0,0,591104,0.542809726,6
2024,Missouri,6,Pam May,100999,Sam Graves,265210,366209,0,0.275796062,0.724203938,0,0.448407876,0.551592124,8,0,0,605510,0.604794306,6
2024,Missouri,7,Missi Hesketh,96655,Eric Burlison,263231,359886,0,0.268571159,0.731428841,0,0.462857683,0.537142317,8,0,0,613541,0.586572047,6
2024,Missouri,8,Randi McCallian,77649,Jason Smith,271249,348898,0,0.222555016,0.777444984,0,0.554889968,0.445110032,8,0,0,602742,0.578851316,6
2024,Montana,1,Monica Tranel,143783,Ryan K. Zinke,168529,312312,0,0.460382566,0.539617434,0,0.079234868,0.920765132,2,0,0,464680,0.672101231,3
2024,Montana,2,John B. Driscoll,93713,Troy Downing,181832,275545,0,0.340100528,0.659899472,0,0.319798944,0.680201056,2,0,1,432570,0.636995168,3
2024,Nebraska,1,Carol Blood,124498,Mike Flood,187559,312057,0,0.398959165,0.601040835,0,0.202081671,0.797918329,3,0,0,506785,0.615758162,6
2024,Nebraska,2,Tony Vargas,154369,Don Bacon,160198,314567,0,0.490734883,0.509265117,0,0.018530234,0.981469766,3,0,0,494492,0.636141737,6
2024,Nebraska,3,Daniel Ebers,59287,Adrian Smith,243481,302768,0,0.195816599,0.804183401,0,0.608366802,0.391633198,3,0,0,498508,0.607348327,6
2024,Nevada,1,Dina Titus,167885,Mark Robertson,143650,311535,0,0.538896111,0.461103889,1,0.077792222,0.922207778,4,0,0,614564,0.506920353,5
2024,Nevada,2,,0.25,Mark E. Amodei,0.75,1,1,0.25,0.75,0,0.5,0.5,4,0,0,631139,1.58444E-06,5
2024,Nevada,3,Susie Lee,191304,Drew Johnson,181084,372388,0,0.513722247,0.486277753,1,0.027444493,0.972555507,4,0,0,639145,0.582634613,5
2024,Nevada,4,Steven Horsford,174926,John Lee,148061,322987,0,0.541588361,0.458411639,1,0.083176722,0.916823278,4,0,0,624812,0.516934694,5
2024,New Hampshire,1,Chris Pappas,218577,Russell Prescott,185936,404513,0,0.540346046,0.459653954,1,0.080692091,0.919307909,2,0,0,578084,0.699747788,4
2024,New Hampshire,2,Maggie Goodlander,211641,Lily Tang Williams,187810,399451,0,0.529829691,0.470170309,1,0.059659383,0.940340617,2,0,1,573255,0.696812064,4
2024,New Jersey,1,Donald Norcross,208808,Theodore “Teddy” Liddell,144390,353198,0,0.591192476,0.408807524,1,0.182384951,0.817615049,12,0,0,611326,0.577757203,3
2024,New Jersey,2,Joseph F. Salerno,153117,Jefferson Van Drew,215946,369063,0,0.414880386,0.585119614,0,0.170239227,0.829760773,12,0,0,623295,0.592116093,3
2024,New Jersey,3,Herb Conaway,202034,Rajesh Mohan,169454,371488,0,0.543850676,0.456149324,1,0.087701352,0.912298648,12,0,1,614240,0.604792915,3
2024,New Jersey,4,Matthew Jenkins,124803,Christopher H. Smith,265652,390455,0,0.319634785,0.680365215,0,0.36073043,0.63926957,12,0,0,595249,0.655952383,3
2024,New Jersey,5,Josh Gottheimer,208359,Mary Jo Guinchard,165287,373646,0,0.557637443,0.442362557,1,0.115274886,0.884725114,12,0,0,611381,0.611150821,3
2024,New Jersey,6,"Frank Pallone, Jr.",170275,Scott Fegler,122519,292794,0,0.581552218,0.418447782,1,0.163104435,0.836895565,12,0,0,613296,0.477410582,3
2024,New Jersey,7,Sue Altman,200025,"Thomas H. Kean, Jr.",233331,433356,0,0.46157201,0.53842799,0,0.07685598,0.92314402,12,0,0,617606,0.701670644,3
2024,New Jersey,8,Robert Menendez,116434,Anthony Valdes,68152,184586,0,0.630784567,0.369215433,1,0.261569133,0.738430867,12,0,0,592870,0.311343127,3
2024,New Jersey,9,Nellie Pou,130514,Billy Prempeh,117939,248453,0,0.525306597,0.474693403,1,0.050613194,0.949386806,12,0,1,595032,0.417545611,3
2024,New Jersey,10,LaMonica McIver,182020,Carmen Bucco,54405,236425,0,0.769884741,0.230115259,1,0.539769483,0.460230517,12,0,0,596128,0.396601066,3
2024,New Jersey,11,Mikie Sherrill,222583,Joseph Belnome,164556,387139,0,0.574943367,0.425056633,1,0.149886733,0.850113267,12,0,0,611052,0.633561464,3
2024,New Jersey,12,Bonnie Watson Coleman,196871,Darius Mayfield,117222,314093,0,0.626792065,0.373207935,1,0.25358413,0.74641587,12,0,0,600201,0.523313023,3
2024,New Mexico,1,Melanie A. Stansbury,193203,Steve Jones,149546,342749,0,0.563686546,0.436313454,1,0.127373092,0.872626908,3,0,0,572988,0.598178321,5
2024,New Mexico,2,Gabe Vasquez,138177,Yvette Herrell,127145,265322,0,0.520789833,0.479210167,1,0.041579665,0.958420335,3,0,0,550034,0.482373817,5
2024,New Mexico,3,Teresa Leger Fernandez,162342,Sharon E. Clahchischilliage,126085,288427,0,0.562852992,0.437147008,1,0.125705985,0.874294015,3,0,0,542791,0.531377639,5
2024,New York,1,John P. Avlon,183540,Nick LaLota,226285,409825,0,0.447849692,0.552150308,0,0.104300616,0.895699384,26,0,0,631915,0.648544504,5
2024,New York,2,Rob Lubin,136371,Andrew R. Garbarino,202597,338968,0,0.402312313,0.597687687,0,0.195375375,0.804624625,26,0,0,602170,0.562910806,5
2024,New York,3,Thomas R. Suozzi,187651,"Michael J. LiPetri, Jr.",174693,362344,0,0.517880798,0.482119202,1,0.035761597,0.964238403,26,0,0,609863,0.594139995,5
2024,New York,4,Laura A. Gillen,191760,Anthony D’Esposito,183157,374917,0,0.511473206,0.488526794,1,0.022946412,0.977053588,26,1,0,598414,0.626517762,5
2024,New York,5,Gregory W. Meeks,168425,Paul King,62529,230954,0,0.729257774,0.270742226,1,0.458515549,0.541484451,26,0,0,582755,0.39631406,5
2024,New York,6,Grace Meng,120205,Thomas J. Zmich,74559,194764,0,0.617182847,0.382817153,1,0.234365694,0.765634306,26,0,0,568182,0.34278453,5
2024,New York,7,Nydia M. Velázquez,172795,Bill Kregler,48435,221230,0,0.781064955,0.218935045,1,0.56212991,0.43787009,26,0,0,585874,0.377606789,5
2024,New York,8,Hakeem S. Jeffries,168036,John J. Delaney,54863,222899,0,0.753866101,0.246133899,1,0.507732202,0.492267798,26,0,0,579128,0.384887279,5
2024,New York,9,Yvette D. Clarke,173207,Menachem M. Raitport,60064,233271,0,0.742514072,0.257485928,1,0.485028143,0.514971857,26,0,0,562939,0.414380599,5
2024,New York,10,Daniel S. Goldman,206206,Alexander Dodenhoff,37555,243761,0,0.845935158,0.154064842,1,0.691870316,0.308129684,26,0,0,586920,0.415322361,5
2024,New York,11,Andrea S. Morse,93586,Nicole Malliotakis,167099,260685,0,0.359000326,0.640999674,0,0.281999348,0.718000652,26,0,0,592088,0.440280837,5
2024,New York,12,Jerrold Nadler,260165,Michael K. Zumbluskas,62989,323154,0,0.80508055,0.19491945,1,0.6101611,0.3898389,26,0,0,641764,0.503540242,5
2024,New York,13,Adriano Espaillat,181800,Ruben D. Vargas,35822,217622,0,0.83539348,0.16460652,1,0.670786961,0.329213039,26,0,0,599197,0.363189402,5
2024,New York,14,Alexandria Ocasio-Cortez,132714,Tina Forte,59078,191792,0,0.691968382,0.308031618,1,0.383936765,0.616063235,26,0,0,580948,0.33013626,5
2024,New York,15,Ritchie Torres,130392,Gonzalo Duran,36010,166402,0,0.783596351,0.216403649,1,0.567192702,0.432807298,26,0,0,537547,0.309558048,5
2024,New York,16,George S. Latimer,217668,Miriam Levitt Flisser,86408,304076,0,0.715834199,0.284165801,1,0.431668399,0.568331601,26,0,1,614125,0.495136984,5
2024,New York,17,Mondaire L. Jones,173899,Michael Lawler,197845,371744,0,0.467792352,0.532207648,0,0.064415297,0.935584703,26,0,0,583826,0.636737658,5
2024,New York,18,Patrick Ryan,207106,Alison Esposito,155129,362235,0,0.571744862,0.428255138,1,0.143489724,0.856510276,26,0,0,608703,0.595093174,5
2024,New York,19,Josh Riley,192647,Marcus J. Molinaro,184290,376937,0,0.511085407,0.488914593,1,0.022170814,0.977829186,26,1,0,641617,0.587479758,5
2024,New York,20,Paul Tonko,221997,Kevin M. Waltz,141151,363148,0,0.611312743,0.388687257,1,0.222625486,0.777374514,26,0,0,632538,0.574112543,5
2024,New York,21,Paula Collins,132447,Elise M. Stefanik,215996,348443,0,0.380110951,0.619889049,0,0.239778099,0.760221901,26,0,0,622739,0.559532966,5
2024,New York,22,John W. Mannion,194450,Brandon Williams,161939,356389,0,0.545611677,0.454388323,1,0.091223354,0.908776646,26,1,0,604045,0.590004056,5
2024,New York,23,Thomas A. Carle,128397,Nicholas A. Langworthy,246969,375366,0,0.342058151,0.657941849,0,0.315883698,0.684116302,26,0,0,605635,0.619789147,5
2024,New York,24,David Wagenhauser,123317,Claudia Tenney,235867,359184,0,0.343325427,0.656674573,0,0.313349147,0.686650853,26,0,0,615302,0.583752369,5
2024,New York,25,Joseph D. Morelle,219175,Gregg A. Sadwick,141195,360370,0,0.608194356,0.391805644,1,0.216388712,0.783611288,26,0,0,611302,0.589512221,5
2024,New York,26,Timothy M. Kennedy,209131,Anthony G. Marecki,111772,320903,0,0.651695372,0.348304628,1,0.303390744,0.696609256,26,0,0,620931,0.516809436,5
2024,North Carolina,1,Donald G. Davis,186341,Laurie Buckhout,180034,366375,0,0.508607301,0.491392699,1,0.017214603,0.982785397,14,0,0,586136,0.625068244,6
2024,North Carolina,2,Deborah K. Ross,268662,Alan D. Swain,128164,396826,0,0.677027211,0.322972789,1,0.354054422,0.645945578,14,0,0,612201,0.648195609,6
2024,North Carolina,3,,0.25,Gregory F. Murphy,0.75,1,1,0.25,0.75,0,0.5,0.5,14,0,0,604817,1.65339E-06,6
2024,North Carolina,4,Valerie P. Foushee,308064,Eric Blankenburg,112084,420148,0,0.733227339,0.266772661,1,0.466454678,0.533545322,14,0,0,614246,0.684006082,6
2024,North Carolina,5,Chuck Hubbard,162390,Virginia Foxx,238304,400694,0,0.405271853,0.594728147,0,0.189456293,0.810543707,14,1,0,598534,0.669459045,6
2024,North Carolina,6,,0.25,Addison McDowell,0.75,1,1,0.25,0.75,0,0.5,0.5,14,0,1,610463,1.6381E-06,6
2024,North Carolina,7,Marlando D. Pridgen,179512,David Rouzer,254022,433534,0,0.414066717,0.585933283,0,0.171866566,0.828133434,14,0,0,632458,0.685474767,6
2024,North Carolina,8,Justin E. Dues,161709,Mark Harris,238640,400349,0,0.40392008,0.59607992,0,0.192159841,0.807840159,14,0,0,591162,0.677223841,6
2024,North Carolina,9,Nigel William Bristow,140852,Richard Hudson,210042,350894,0,0.401408973,0.598591027,0,0.197182055,0.802817945,14,0,0,594388,0.590345027,6
2024,North Carolina,10,"Ralph R. Scott, Jr.",155383,Pat Harrigan,233814,389197,0,0.399239974,0.600760026,0,0.201520053,0.798479947,14,0,1,607822,0.640314105,6
2024,North Carolina,11,Caleb Rudow,186977,Chuck Edwards,245546,432523,0,0.432293774,0.567706226,0,0.135412452,0.864587548,14,0,0,633807,0.682420674,6
2024,North Carolina,12,Alma S. Adams,259627,Addul Ali,91128,350755,0,0.740194723,0.259805277,1,0.480389446,0.519610554,14,0,0,603753,0.580957776,6
2024,North Carolina,13,Frank Pierce,171835,Brad Knott,243655,415490,0,0.413571927,0.586428073,0,0.172856146,0.827143854,14,0,1,620347,0.669770306,6
2024,North Carolina,14,Pam Genant,168269,Tim Moore,232987,401256,0,0.419355723,0.580644277,0,0.161288554,0.838711446,14,0,1,602858,0.665589575,6
2024,North Dakota,0,Trygve Hammer,109231,Julie Fedorchak,249101,358332,0,0.304831832,0.695168168,0,0.390336336,0.609663664,1,0,1,604326,0.592944868,0
2024,Ohio,1,Greg Landsman,213916,Orlando Sonza,177993,391909,0,0.545830792,0.454169208,1,0.091661585,0.908338415,15,0,0,616345,0.635859786,6
2024,Ohio,2,Samantha Meadows,96401,David J. Taylor,268211,364612,0,0.264393383,0.735606617,0,0.471213235,0.528786765,15,0,1,615927,0.59197275,6
2024,Ohio,3,Joyce Beatty,242632,Michael Young,100355,342987,0,0.707408736,0.292591264,1,0.414817471,0.585182529,15,0,0,611765,0.560651557,6
2024,Ohio,4,Tamie Wilson,125905,Jim Jordan,273297,399202,0,0.315391706,0.684608294,0,0.369216587,0.630783413,15,0,0,619962,0.643913659,6
2024,Ohio,5,Keith Mundy,123024,Robert E. Latta,255633,378657,0,0.324895618,0.675104382,0,0.350208764,0.649791236,15,0,0,618757,0.611963986,6
2024,Ohio,6,Michael L. Kripchak,122515,Michael A. Rulli,245860,368375,0,0.332582287,0.667417713,0,0.334835426,0.665164574,15,0,0,619621,0.594516648,6
2024,Ohio,7,Matt Diemer,144613,Max L. Miller,204494,349107,0,0.414236896,0.585763104,0,0.171526208,0.828473792,15,0,0,607373,0.574781889,6
2024,Ohio,8,Vanessa Enoch,140625,Warren Davidson,237503,378128,0,0.371897876,0.628102124,0,0.256204248,0.743795752,15,0,0,601462,0.628681446,6
2024,Ohio,9,Marcy Kaptur,181098,Derek Merrin,178716,359814,0,0.503310044,0.496689956,1,0.006620087,0.993379913,15,0,0,607826,0.591968754,6
2024,Ohio,10,Amy Cox,145420,Michael R. Turner,213695,359115,0,0.404939922,0.595060078,0,0.190120156,0.809879844,15,0,0,612131,0.586663639,6
2024,Ohio,11,Shontel M. Brown,236883,Alan Rapoport,59394,296277,0,0.799532195,0.200467805,1,0.599064389,0.400935611,15,0,0,614278,0.482317452,6
2024,Ohio,12,Jerrad Christian,119738,Troy Balderson,260450,380188,0,0.314944186,0.685055814,0,0.370111629,0.629888371,15,0,0,620895,0.612322534,6
2024,Ohio,13,Emilia Strong Sykes,197466,Kevin Coughlin,188924,386390,0,0.511053599,0.488946401,1,0.022107197,0.977892803,15,0,0,617608,0.625623373,6
2024,Ohio,14,Brian Bob Kenderes,140431,David P. Joyce,243427,383858,0,0.365841014,0.634158986,0,0.268317972,0.731682028,15,0,0,628654,0.610602971,6
2024,Ohio,15,Adam Miller,151411,Mike Carey,196338,347749,0,0.435403121,0.564596879,0,0.129193758,0.870806242,15,0,0,602710,0.57697566,6
2024,Oklahoma,1,Dennis Baker,107903,Kevin Hern,188832,296735,0,0.363634219,0.636365781,0,0.272731562,0.727268438,5,0,0,612605,0.484382269,6
2024,Oklahoma,2,Brandon Wade,68841,Josh Brecheen,238123,306964,0,0.224264083,0.775735917,0,0.551471834,0.448528166,5,0,0,622032,0.493485866,6
2024,Oklahoma,3,,0.25,Frank D. Lucas,0.75,1,1,0.25,0.75,0,0.5,0.5,5,0,0,599520,1.668E-06,6
2024,Oklahoma,4,Mary Brannon,86641,Tom Cole,199962,286603,0,0.302303186,0.697696814,0,0.395393628,0.604606372,5,0,0,626850,0.457211454,6
2024,Oklahoma,5,Madison Horn,134471,Stephanie I. Bice,207636,342107,0,0.393067081,0.606932919,0,0.213865837,0.786134163,5,0,0,627073,0.545561681,6
2024,Oregon,1,Suzanne Bonamici,241556,Bob Todd,98908,340464,0,0.709490578,0.290509422,1,0.418981155,0.581018845,6,0,0,579816,0.587193179,5
2024,Oregon,2,Dan Ruby,115337,Cliff Bentz,224601,339938,0,0.339288341,0.660711659,0,0.321423318,0.678576682,6,0,0,556224,0.611153061,5
2024,Oregon,3,Maxine E. Dexter,226405,Joanna Harbour,84344,310749,0,0.72857837,0.27142163,1,0.457156741,0.542843259,6,0,1,550379,0.564609115,5
2024,Oregon,4,Val T. Hoyle,195862,Monique DeSpain,166430,362292,0,0.540619169,0.459380831,1,0.081238338,0.918761662,6,0,0,590142,0.613906484,5
2024,Oregon,5,Janelle S. Bynum,191365,Lori Chavez-DeRemer,180420,371785,0,0.514719529,0.485280471,1,0.029439058,0.970560942,6,1,0,565703,0.657208818,5
2024,Oregon,6,Andrea Salinas,180869,Mike Erickson,157634,338503,0,0.534320228,0.465679772,1,0.068640455,0.931359545,6,0,0,561293,0.603077181,5
2024,Pennsylvania,1,Ashley Ehasz,202042,Brian K. Fitzpatrick,261390,463432,0,0.435969031,0.564030969,0,0.128061938,0.871938062,17,0,0,612234,0.756952407,4
2024,Pennsylvania,2,Brendan F. Boyle,193691,Aaron Bashir,77355,271046,0,0.714605639,0.285394361,1,0.429211278,0.570788722,17,0,0,547238,0.495298207,4
2024,Pennsylvania,3,Dwight Evans,0.75,,0.25,1,1,0.75,0.25,1,0.5,0.5,17,0,0,626799,1.59541E-06,4
2024,Pennsylvania,4,Madeleine Dean,269066,David Winkler,186457,455523,0,0.590674895,0.409325105,1,0.181349789,0.818650211,17,0,0,615371,0.740241253,4
2024,Pennsylvania,5,Mary Gay Scanlon,267754,Alfeia Goodwin,142355,410109,0,0.652884965,0.347115035,1,0.305769929,0.694230071,17,0,0,594200,0.690186806,4
2024,Pennsylvania,6,Chrissy Houlahan,235625,Neil Young,183638,419263,0,0.561998078,0.438001922,1,0.123996155,0.876003845,17,0,0,604162,0.693957912,4
2024,Pennsylvania,7,Susan Wild,199626,Ryan E. Mackenzie,203688,403314,0,0.494964221,0.505035779,0,0.010071557,0.989928443,17,1,0,618295,0.652300277,4
2024,Pennsylvania,8,Matt Cartwright,189411,"Rob Bresnahan, Jr.",195663,385074,0,0.49188208,0.50811792,0,0.01623584,0.98376416,17,1,0,616343,0.624772245,4
2024,Pennsylvania,9,Amanda Waldman,115523,Daniel Meuser,276212,391735,0,0.29490089,0.70509911,0,0.410198221,0.589801779,17,0,0,613451,0.63857586,4
2024,Pennsylvania,10,Janelle Stelson,200434,Scott Perry,205567,406001,0,0.493678587,0.506321413,0,0.012642826,0.987357174,17,0,0,612704,0.662638076,4
2024,Pennsylvania,11,Jim Atkinson,149641,Lloyd Smucker,253672,403313,0,0.371029449,0.628970551,0,0.257941103,0.742058897,17,0,0,599582,0.672656951,4
2024,Pennsylvania,12,Summer L. Lee,234802,James Hayes,181426,416228,0,0.564118704,0.435881296,1,0.128237408,0.871762592,17,0,0,621144,0.670099043,4
2024,Pennsylvania,13,Beth Farnham,104823,John Joyce,301460,406283,0,0.258004888,0.741995112,0,0.483990224,0.516009776,17,0,0,612136,0.663713619,4
2024,Pennsylvania,14,Chris Dziados,134755,Guy Reschenthaler,268380,403135,0,0.334267677,0.665732323,0,0.331464646,0.668535354,17,0,0,615522,0.654948158,4
2024,Pennsylvania,15,Zach Womer,111408,Glenn Thompson,279027,390435,0,0.285343271,0.714656729,0,0.429313458,0.570686542,17,0,0,616528,0.63328024,4
2024,Pennsylvania,16,Preston Nouri,146709,Mike Kelly,256923,403632,0,0.363472173,0.636527827,0,0.273055655,0.726944345,17,0,0,610508,0.661141214,4
2024,Pennsylvania,17,Christopher R. Deluzio,242838,Rob Mercuri,207900,450738,0,0.538756439,0.461243561,1,0.077512879,0.922487121,17,0,0,600837,0.750183494,4
2024,Rhode Island,1,Gabe Amo,139352,Gabe Amo,70742,210094,0,0.663284054,0.336715946,1,0.326568108,0.673431892,2,0,0,435928,0.48194656,5
2024,Rhode Island,2,Seth Magaziner,153439,Stephen Joseph Corvi,109381,262820,0,0.583817822,0.416182178,1,0.167635644,0.832364356,2,0,0,456777,0.575379233,5
2024,South Carolina,1,Michael B. Moore,162582,Nancy Mace,227502,390084,0,0.416787154,0.583212846,0,0.166425693,0.833574307,7,0,0,613597,0.635733226,6
2024,South Carolina,2,David Robinson II,142985,Joe Wilson,211514,354499,0,0.403343874,0.596656126,0,0.193312252,0.806687748,7,0,0,585956,0.604992525,6
2024,South Carolina,3,Bryon L. Best,87735,Sheri Biggs,248451,336186,0,0.260971605,0.739028395,0,0.47805679,0.52194321,7,0,1,601557,0.558859759,6
2024,South Carolina,4,Kathryn Harvey,128976,William R. Timmons IV,206916,335892,0,0.383980565,0.616019435,0,0.23203887,0.76796113,7,0,0,599284,0.56048885,6
2024,South Carolina,5,Evangeline Hundley,130592,Ralph Norman,228260,358852,0,0.363916043,0.636083957,0,0.272167913,0.727832087,7,0,0,593976,0.604152356,6
2024,South Carolina,6,James E. Clyburn,182056,Duke Buckner,112360,294416,0,0.618363132,0.381636868,1,0.236726265,0.763273735,7,0,0,605907,0.485909554,6
2024,South Carolina,7,Mal Hyman,129522,Russell Fry,240326,369848,0,0.350203327,0.649796673,0,0.299593346,0.700406654,7,0,0,631040,0.586092799,6
2024,South Dakota,0,Sheryl Johnson,117818,Dusty Johnson,303630,421448,0,0.279555248,0.720444752,0,0.440889505,0.559110495,1,0,0,700511,0.601629382,0
2024,Tennessee,1,Kevin Jenkins,64021,Diana Harshbarger,257825,321846,0,0.198918116,0.801081884,0,0.602163768,0.397836232,9,0,0,637851,0.504578656,6
2024,Tennessee,2,Jane George,111316,Tim Burchett,250782,362098,0,0.307419538,0.692580462,0,0.385160923,0.614839077,9,0,0,641890,0.564112231,6
2024,Tennessee,3,Jack Allen,102841,Charles J. “Chuck” Fleischmann,236519,339360,0,0.303043965,0.696956035,0,0.39391207,0.60608793,9,0,0,633111,0.53601975,6
2024,Tennessee,4,Victoria Isabel Broderick,83832,Scott DesJarlais,219133,302965,0,0.27670523,0.72329477,0,0.44658954,0.55341046,9,0,0,623700,0.485754369,6
2024,Tennessee,5,Maryam Abolfazli,142387,Andrew Ogles,205075,347462,0,0.409791574,0.590208426,0,0.180416851,0.819583149,9,0,0,606935,0.572486345,6
2024,Tennessee,6,Lore Bergman,106144,John W. Rose,225543,331687,0,0.320012542,0.679987458,0,0.359974916,0.640025084,9,0,0,622903,0.532485796,6
2024,Tennessee,7,Megan Barry,122764,Mark E. Green,191992,314756,0,0.390029102,0.609970898,0,0.219941796,0.780058204,9,0,0,638204,0.493190265,6
2024,Tennessee,8,Sarah Freeman,85043,David Kustoff,240411,325454,0,0.261305745,0.738694255,0,0.47738851,0.52261149,9,0,0,599957,0.54246221,6
2024,Tennessee,9,Steve Cohen,159522,Charlotte Bergmann,57411,216933,0,0.735351468,0.264648532,1,0.470702936,0.529297064,9,0,0,558578,0.388366531,6
2024,Texas,1,,0.25,Nathaniel Moran,0.75,1,1,0.25,0.75,0,0.5,0.5,38,0,0,597698,1.67309E-06,6
2024,Texas,2,Peter Filler,112252,Dan Crenshaw,214631,326883,0,0.343401156,0.656598844,0,0.313197688,0.686802312,38,0,0,602126,0.54288139,6
2024,Texas,3,Sandeep Srivastava,142953,Keith Self,237794,380747,0,0.375454042,0.624545958,0,0.249091917,0.750908083,38,0,0,645615,0.589743113,6
2024,Texas,4,Simon Cardell,111696,Pat Fallon,241603,353299,0,0.316151475,0.683848525,0,0.36769705,0.63230295,38,0,0,645312,0.547485557,6
2024,Texas,5,Ruth “Truth” Torres,107712,Lance Gooden,192185,299897,0,0.359163313,0.640836687,0,0.281673375,0.718326625,38,0,0,611887,0.490118273,6
2024,Texas,6,John Love III,98319,Jake Ellzey,188119,286438,0,0.343247055,0.656752945,0,0.31350589,0.68649411,38,0,0,600752,0.476799078,6
2024,Texas,7,Lizzie Fletcher,149820,Caroline Kane,94651,244471,0,0.612833424,0.387166576,1,0.225666848,0.774333152,38,0,0,636234,0.384246991,6
2024,Texas,8,Laura Jones,108754,Morgan Luttrell,233423,342177,0,0.317829661,0.682170339,0,0.364340677,0.635659323,38,0,0,649540,0.526798965,6
2024,Texas,9,Al Green,0.75,,0.25,1,1,0.75,0.25,1,0.5,0.5,38,0,0,580521,1.72259E-06,6
2024,Texas,10,Theresa Boisseau,118280,Michael T. McCaul,221229,339509,0,0.348385463,0.651614537,0,0.303229075,0.696770925,38,0,0,633942,0.535552148,6
2024,Texas,11,,0.25,August Pfluger,0.75,1,1,0.25,0.75,0,0.5,0.5,38,0,0,580810,1.72173E-06,6
2024,Texas,12,Trey J. Hunt,124154,Craig Goldman,215564,339718,0,0.365461942,0.634538058,0,0.269076116,0.730923884,38,0,1,644880,0.526792582,6
2024,Texas,13,,0.25,Ronny Jackson,0.75,1,1,0.25,0.75,0,0.5,0.5,38,0,0,610286,1.63858E-06,6
2024,Texas,14,Rhonda Hart,95875,"Randy K. Weber, Sr.",210320,306195,0,0.313117458,0.686882542,0,0.373765084,0.626234916,38,0,0,592955,0.516388259,6
2024,Texas,15,Michelle Vallejo,95965,Monica De La Cruz,127804,223769,0,0.428857438,0.571142562,0,0.142285124,0.857714876,38,0,0,573923,0.389893766,6
2024,Texas,16,Veronica Escobar,131391,Irene Armendariz Jackson,89281,220672,0,0.595413102,0.404586898,1,0.190826204,0.809173796,38,0,0,575425,0.383493939,6
2024,Texas,17,Mark Lorenzen,97941,Pete Sessions,193101,291042,0,0.336518441,0.663481559,0,0.326963119,0.673036881,38,0,0,615982,0.472484586,6
2024,Texas,18,Sylvester Turner,151834,Lana Centonze,66810,218644,0,0.694434789,0.305565211,1,0.388869578,0.611130422,38,0,1,579840,0.377076435,6
2024,Texas,19,,0.25,Jodey C. Arrington,0.75,1,1,0.25,0.75,0,0.5,0.5,38,0,0,582626,1.71637E-06,6
2024,Texas,20,Joaquin Castro,0.75,,0.25,1,1,0.75,0.25,1,0.5,0.5,38,0,0,584770,1.71007E-06,6
2024,Texas,21,Kristin Hook,153765,Chip Roy,263744,417509,0,0.368291462,0.631708538,0,0.263417076,0.736582924,38,0,0,663490,0.629261933,6
2024,Texas,22,Marquette Greene-Scott,127604,Troy E. Nehls,209285,336889,0,0.378771643,0.621228357,0,0.242456714,0.757543286,38,0,0,618172,0.544976156,6
2024,Texas,23,S. Limon,109373,Tony Gonzales,180720,290093,0,0.377027367,0.622972633,0,0.245945266,0.754054734,38,0,0,574228,0.505187835,6
2024,Texas,24,Sam Eppler,149518,Beth Van Duyne,227108,376626,0,0.396993304,0.603006696,0,0.206013393,0.793986607,38,0,0,585919,0.642795335,6
2024,Texas,25,,0.25,Roger Williams,0.75,1,1,0.25,0.75,0,0.5,0.5,38,0,0,617800,1.61865E-06,6
2024,Texas,26,Ernest R. Lineberger III,138558,Brandon Gill,241096,379654,0,0.36495862,0.63504138,0,0.27008276,0.72991724,38,0,1,650341,0.583776819,6
2024,Texas,27,Tanya Lloyd,94596,Michael Cloud,183980,278576,0,0.339569812,0.660430188,0,0.320860376,0.679139624,38,0,0,593883,0.469075559,6
2024,Texas,28,Henry Cuellar,125280,Jay Furman,112018,237298,0,0.527943767,0.472056233,1,0.055887534,0.944112466,38,0,0,577108,0.411184735,6
2024,Texas,29,Sylvia R. Garcia,99379,Alan Garza,52830,152209,0,0.652911457,0.347088543,1,0.305822915,0.694177085,38,0,0,533933,0.285071348,6
2024,Texas,30,Jasmine Crockett,0.75,,0.25,1,1,0.75,0.25,1,0.5,0.5,38,0,0,588909,1.69806E-06,6
2024,Texas,31,Stuart Whitlow,126470,John R. Carter,229087,355557,0,0.35569543,0.64430457,0,0.28860914,0.71139086,38,0,0,656514,0.541583272,6
2024,Texas,32,Julie Johnson,140536,Darrell Day,85941,226477,0,0.620531003,0.379468997,1,0.241062006,0.758937994,38,0,1,593825,0.381386772,6
2024,Texas,33,Marc A. Veasey,114289,Patrick David Gillespie,51864,166153,0,0.687853966,0.312146034,1,0.375707932,0.624292068,38,0,0,547193,0.303646063,6
2024,Texas,34,Vicente Gonzalez,102780,Mayra Flores,97603,200383,0,0.512917762,0.487082238,1,0.025835525,0.974164475,38,0,0,552369,0.362770177,6
2024,Texas,35,Greg Casar,170509,Steven Wright,82610,253119,0,0.67363177,0.32636823,1,0.34726354,0.65273646,38,0,0,642449,0.393990807,6
2024,Texas,36,Dayna Steele,91009,Brian Babin,206009,297018,0,0.306409039,0.693590961,0,0.387181922,0.612818078,38,0,0,592675,0.501148184,6
2024,Texas,37,Lloyd Doggett,252980,Jenny Garcia Sharon,80366,333346,0,0.758911161,0.241088839,1,0.517822323,0.482177677,38,0,0,637675,0.522752186,6
2024,Texas,38,Melissa McDonough,127640,Wesley Hunt,215030,342670,0,0.372486649,0.627513351,0,0.255026702,0.744973298,38,0,0,591437,0.579385463,6
2024,Utah,1,Bill Campbell,117319,Blake D. Moore,230975,348294,0,0.336838992,0.663161008,0,0.326322015,0.673677985,4,0,0,628036,0.554576489,6
2024,Utah,2,Nathaniel E. Woodward,121114,Celeste Maloy,205234,326348,0,0.371119173,0.628880827,0,0.257761653,0.742238347,4,0,0,638077,0.511455514,6
2024,Utah,3,Glenn J. Wright,122780,Mike Kennedy,242496,365276,0,0.336129393,0.663870607,0,0.327741215,0.672258785,4,0,1,609222,0.599577822,6
2024,Utah,4,Katrina Fallick-Wang,109838,Burgess Owens,230627,340465,0,0.322611722,0.677388278,0,0.354776556,0.645223444,4,0,0,608494,0.559520718,6
2024,Vermont,0,Becca Balint,218398,Mark Coester,104451,322849,0,0.676471044,0.323528956,1,0.352942087,0.647057913,1,0,0,532638,0.60613212,0
2024,Virginia,1,Leslie C. Mehta,208445,Robert J. Wittman,269657,478102,0,0.435984372,0.564015628,0,0.128031257,0.871968743,11,0,0,635047,0.752860812,4
2024,Virginia,2,Missy Cotter Smasal,191666,Jennifer A. Kiggans,207368,399034,0,0.480324985,0.519675015,0,0.03935003,0.96064997,11,0,0,616134,0.647641584,4
2024,Virginia,3,Robert C. “Bobby” Scott,219926,John Sitka III,93801,313727,0,0.701010751,0.298989249,1,0.402021503,0.597978497,11,0,0,601659,0.521436561,4
2024,Virginia,4,Jennifer L. McClellan,252885,William J. “Bill” Moher III,121814,374699,0,0.674901721,0.325098279,1,0.349803442,0.650196558,11,0,0,641823,0.583804258,4
2024,Virginia,5,Gloria Tinsley Witt,184229,John J. McGuire III,249564,433793,0,0.424693345,0.575306655,0,0.150613311,0.849386689,11,0,1,646223,0.671274467,4
2024,Virginia,6,Ken L. Mitchell,141612,Ben Cline,256933,398545,0,0.355322486,0.644677514,0,0.289355029,0.710644971,11,0,0,633565,0.629051479,4
2024,Virginia,7,Eugene S. Vindman,203336,Derrick M. Anderson,192847,396183,0,0.51323757,0.48676243,1,0.026475139,0.973524861,11,0,1,611543,0.647841607,4
2024,Virginia,8,"Donald S. Beyer, Jr.",274593,Jerry W. Torres,94676,369269,0,0.74361238,0.25638762,1,0.48722476,0.51277524,11,0,0,612213,0.603170792,4
2024,Virginia,9,Karen G. H. Baker,109570,H. Morgan Griffith,290645,400215,0,0.273777844,0.726222156,0,0.452444311,0.547555689,11,0,0,637402,0.627884757,4
2024,Virginia,10,Suhas Subramanyam,215131,Mike W. Clancy,196343,411474,0,0.522830118,0.477169882,1,0.045660236,0.954339764,11,0,1,600569,0.685140259,4
2024,Virginia,11,Gerald E. Connolly,273529,Mike L. Van Meter,134802,408331,0,0.669870767,0.330129233,1,0.339741533,0.660258467,11,0,0,607343,0.672323547,4
2024,Washington,1,Suzan K. DelBene,227213,Jeb Brewer,132538,359751,0,0.631584068,0.368415932,1,0.263168136,0.736831864,10,0,0,615317,0.584659614,3
2024,Washington,2,Rick Larsen,263750,Cody Hart,148167,411917,0,0.640298895,0.359701105,1,0.28059779,0.71940221,10,0,0,634099,0.649609919,3
2024,Washington,3,Marie Gluesenkamp Perez,215177,Joe Kent,199054,414231,0,0.519461363,0.480538637,1,0.038922727,0.961077273,10,0,0,616882,0.671491468,3
2024,Washington,4,,0.25,Dan Newhouse,0.75,1,1,0.25,0.75,0,0.5,0.5,10,0,0,573926,1.74238E-06,3
2024,Washington,5,Carmela Conroy,156074,Michael Baumgartner,240619,396693,0,0.393437747,0.606562253,0,0.213124507,0.786875493,10,0,1,625029,0.634679351,3
2024,Washington,6,Emily Randall,239687,Drew C. MacEwen,182182,421869,0,0.568155043,0.431844957,1,0.136310087,0.863689913,10,0,0,641026,0.658115271,3
2024,Washington,7,Pramila Jayapal,352286,Dan Alexander,66220,418506,0,0.841770488,0.158229512,1,0.683540977,0.316459023,10,0,0,659031,0.635032343,3
2024,Washington,8,Kim Schrier,224607,Carmen Goers,190675,415282,0,0.540854167,0.459145833,1,0.081708333,0.918291667,10,0,0,592410,0.701004372,3
2024,Washington,9,Adam Smth,0.75,,0.25,1,1,0.75,0.25,1,0.5,0.5,10,0,0,608676,1.64291E-06,3
2024,Washington,10,Marilyn Strickland,203732,Don Hewett,143492,347224,0,0.586745156,0.413254844,1,0.173490312,0.826509688,10,0,0,599292,0.579390347,3
2024,West Virginia,1,Chris Bob Reed,90038,Carol D. Miller,228491,318529,0,0.28266814,0.71733186,0,0.43466372,0.56533628,2,0,0,692442,0.460008203,6
2024,West Virginia,2,Steven Wendelin,110775,Riley Moore,268190,378965,0,0.292309316,0.707690684,0,0.415381368,0.584618632,2,0,1,725987,0.521999705,6
2024,Wisconsin,1,Peter Barca,172402,Bryan Steil,212515,384917,0,0.447893962,0.552106038,0,0.104212077,0.895787923,8,0,0,574055,0.670522859,4
2024,Wisconsin,2,Mark Pocan,320317,Erik Olsen,136357,456674,0,0.701412824,0.298587176,1,0.402825648,0.597174352,8,0,0,599527,0.761723826,4
2024,Wisconsin,3,Rebecca Cooke,200808,Derrick Van Orden,212064,412872,0,0.486368657,0.513631343,0,0.027262687,0.972737313,8,0,0,588297,0.70180878,4
2024,Wisconsin,4,Gwen Moore,249938,Tim Rogers,74921,324859,0,0.76937379,0.23062621,1,0.53874758,0.46125242,8,0,0,545657,0.595353858,4
2024,Wisconsin,5,Ben Steinhoff,165653,Scott Fitzgerald,300521,466174,0,0.355345858,0.644654142,0,0.289308284,0.710691716,8,0,0,592666,0.786571188,4
2024,Wisconsin,6,John Zarbano,159042,Glenn Grothman,251889,410931,0,0.387028479,0.612971521,0,0.225943042,0.774056958,8,0,0,590475,0.695932935,4
2024,Wisconsin,7,Kyle Kilbourn,156524,Thomas P. Tiffany,273553,430077,0,0.363944131,0.636055869,0,0.272111738,0.727888262,8,0,0,594643,0.723252439,4
2024,Wisconsin,8,Kristin Lyerly,178666,Tony Wied,240040,418706,0,0.426709911,0.573290089,0,0.146580178,0.853419822,8,0,1,581557,0.719974138,4
2024,Wyoming,0,Kyle G. Cameron,60778,Harriet M. Hageman,184680,245458,0,0.247610589,0.752389411,0,0.504778822,0.495221178,1,0,0,454092,0.54054685,0